date,month,year,Plant_Type,gen,gen12m
2005-01-15,1,2005,COAL,4952.819892473119,NA
2005-01-15,1,2005,NATURAL GAS,2304.5967741935483,NA
2005-01-15,1,2005,RENEWABLES,380.99059139784947,NA
2005-01-15,1,2005,NET IMPORTS,-4.435483870967742,NA
2005-02-15,2,2005,COAL,4941.918154761905,NA
2005-02-15,2,2005,NATURAL GAS,2166.9925595238096,NA
2005-02-15,2,2005,RENEWABLES,375.23363095238096,NA
2005-02-15,2,2005,NET IMPORTS,-46.294642857142854,NA
2005-03-15,3,2005,COAL,5040.561827956989,NA
2005-03-15,3,2005,NATURAL GAS,1958.534946236559,NA
2005-03-15,3,2005,RENEWABLES,370.744623655914,NA
2005-03-15,3,2005,NET IMPORTS,-195.33602150537635,NA
2005-04-15,4,2005,COAL,4907.53685674548,NA
2005-04-15,4,2005,NATURAL GAS,1807.923504867872,NA
2005-04-15,4,2005,RENEWABLES,321.6119610570237,NA
2005-04-15,4,2005,NET IMPORTS,-51.80945757997218,NA
2005-05-15,5,2005,COAL,4574.659946236559,NA
2005-05-15,5,2005,NATURAL GAS,1905.5403225806451,NA
2005-05-15,5,2005,RENEWABLES,404.5994623655914,NA
2005-05-15,5,2005,NET IMPORTS,94.82930107526882,NA
2005-06-15,6,2005,COAL,4306.175,4780.457143211369
2005-06-15,6,2005,NATURAL GAS,1842.2680555555555,2017.9692245908857
2005-06-15,6,2005,RENEWABLES,593.9833333333333,433.87942609186075
2005-06-15,6,2005,NET IMPORTS,162.825,56.99332624374181
2005-07-15,7,2005,COAL,4740.365591397849,4800.595472064416
2005-07-15,7,2005,NATURAL GAS,1873.4274193548385,2000.4096367772656
2005-07-15,7,2005,RENEWABLES,563.9274193548387,441.3279027943697
2005-07-15,7,2005,NET IMPORTS,-52.079301075268816,65.69897140503214
2005-08-15,8,2005,COAL,4752.243279569892,4826.979276627908
2005-08-15,8,2005,NATURAL GAS,2116.6102150537636,1991.1804701105991
2005-08-15,8,2005,RENEWABLES,411.4516129032258,444.7601944610364
2005-08-15,8,2005,NET IMPORTS,99.01344086021506,72.44897140503214
2005-09-15,9,2005,COAL,4749.4736111111115,4847.107300821456
2005-09-15,9,2005,NATURAL GAS,1919.3680555555557,1999.970456669739
2005-09-15,9,2005,RENEWABLES,436.275,443.67372492698615
2005-09-15,9,2005,NET IMPORTS,52.0125,89.00049470252317
2005-10-15,10,2005,COAL,4617.64602960969,4836.616109351823
2005-10-15,10,2005,NATURAL GAS,1951.4185733512786,2015.0860106799382
2005-10-15,10,2005,RENEWABLES,448.3956931359354,448.0661681351457
2005-10-15,10,2005,NET IMPORTS,199.36742934051145,111.38714282491539
2005-11-15,11,2005,COAL,4637.109722222222,4844.9362258392775
2005-11-15,11,2005,NATURAL GAS,2200.375,2008.2746307516227
2005-11-15,11,2005,RENEWABLES,460.6166666666667,449.9472165222424
2005-11-15,11,2005,NET IMPORTS,276.01666666666665,124.44740268154622
2005-12-15,12,2005,COAL,5144.975806451613,4864.289929542982
2005-12-15,12,2005,NATURAL GAS,2168.5752688172042,2017.4121307516227
2005-12-15,12,2005,RENEWABLES,438.7231182795699,437.17395263335357
2005-12-15,12,2005,NET IMPORTS,149.81048387096774,142.73328231117583
2006-01-15,1,2006,COAL,5194.479838709677,4862.3485092920855
2006-01-15,1,2006,NATURAL GAS,2093.8817204301076,2061.8796486727697
2006-01-15,1,2006,RENEWABLES,470.372311827957,429.2000503036045
2006-01-15,1,2006,NET IMPORTS,100.03225806451613,164.35929037569198
2006-02-15,2,2006,COAL,5258.523809523809,4888.15048061825
2006-02-15,2,2006,NATURAL GAS,2056.2425595238096,2073.5005044075365
2006-02-15,2,2006,RENEWABLES,416.42113095238096,425.3278504828159
2006-02-15,2,2006,NET IMPORTS,34.705357142857146,155.09786564450917
2006-03-15,3,2006,COAL,5282.0981182795695,4888.231267655287
2006-03-15,3,2006,NATURAL GAS,2064.0147849462364,2111.1110368149443
2006-03-15,3,2006,RENEWABLES,357.7069892473118,419.52692455689
2006-03-15,3,2006,NET IMPORTS,3.282258064516129,148.9678887926573
2006-04-15,4,2006,COAL,4781.642559109875,4855.2946368791545
2006-04-15,4,2006,NATURAL GAS,1989.3101529902642,2182.917115774119
2006-04-15,4,2006,RENEWABLES,374.3212795549374,415.0041564994651
2006-04-15,4,2006,NET IMPORTS,216.83031988873435,149.15967883303418
2006-05-15,5,2006,COAL,4674.501344086021,4876.457947064339
2006-05-15,5,2006,NATURAL GAS,1823.8037634408602,2214.1417685518963
2006-05-15,5,2006,RENEWABLES,427.1720430107527,412.85346205502066
2006-05-15,5,2006,NET IMPORTS,251.55241935483872,135.22518809229342
2006-06-15,6,2006,COAL,4538.419444444445,4870.890424523087
2006-06-15,6,2006,NATURAL GAS,1951.9180555555556,2233.4986236945606
2006-06-15,6,2006,RENEWABLES,440.7041666666667,419.5895613119132
2006-06-15,6,2006,NET IMPORTS,382.25555555555553,117.54559440019672
2006-07-15,7,2006,COAL,4717.068548387097,4867.361916384517
2006-07-15,7,2006,NATURAL GAS,2407.037634408602,2261.0773508488005
2006-07-15,7,2006,RENEWABLES,468.24059139784947,422.0150321122924
2006-07-15,7,2006,NET IMPORTS,207.43279569892474,102.1117767515697
2006-08-15,8,2006,COAL,5061.866935483871,4869.641182257533
2006-08-15,8,2006,NATURAL GAS,2256.060483870968,2298.5885115630867
2006-08-15,8,2006,RENEWABLES,364.98521505376345,420.9496799297526
2006-08-15,8,2006,NET IMPORTS,-12.123655913978494,87.8554523468078
2006-09-15,9,2006,COAL,4750.4430555555555,4834.852947412118
2006-09-15,9,2006,NATURAL GAS,2370.6944444444443,2321.3970596547138
2006-09-15,9,2006,RENEWABLES,366.6638888888889,430.6413249487351
2006-09-15,9,2006,NET IMPORTS,-21.54722222222222,103.8375387373489
2006-10-15,10,2006,COAL,4222.406460296097,4855.863173967776
2006-10-15,10,2006,NATURAL GAS,2813.091520861373,2334.3773478314506
2006-10-15,10,2006,RENEWABLES,394.12247644683714,431.79036183767545
2006-10-15,10,2006,NET IMPORTS,201.66890982503364,92.14866948736177
2006-11-15,11,2006,COAL,4891.069444444444,4862.63613543731
2006-11-15,11,2006,NATURAL GAS,2575.070833333333,2342.5632797310923
2006-11-15,11,2006,RENEWABLES,434.80833333333334,435.81242724986186
2006-11-15,11,2006,NET IMPORTS,108.80277777777778,76.21643382427935
2006-12-15,12,2006,COAL,5078.165535956581,4878.74400580768
2006-12-15,12,2006,NATURAL GAS,2400.8575305291724,2345.359576027389
2006-12-15,12,2006,RENEWABLES,519.5563093622795,455.4016633609729
2006-12-15,12,2006,NET IMPORTS,-62.34464043419268,51.57962826872379
2007-01-15,1,2007,COAL,5152.137741046832,4861.239749535279
2007-01-15,1,2007,NATURAL GAS,2424.8264462809916,2345.3363905435176
2007-01-15,1,2007,RENEWABLES,499.4779614325069,463.6298219631235
2007-01-15,1,2007,NET IMPORTS,-85.17355371900827,59.50827970241554
2007-02-15,2,2007,COAL,5285.875,4806.888047026318
2007-02-15,2,2007,NATURAL GAS,2506.376488095238,2360.7616817621556
2007-02-15,2,2007,RENEWABLES,403.63690476190476,474.75784615667186
2007-02-15,2,2007,NET IMPORTS,-136.37053571428572,72.59273310743346
2007-03-15,3,2007,COAL,4864.63930013459,4796.587815544837
2007-03-15,3,2007,NATURAL GAS,2337.7173620457606,2349.634366947341
2007-03-15,3,2007,RENEWABLES,474.00672947510094,482.7547211566719
2007-03-15,3,2007,NET IMPORTS,195.06729475100943,74.85777940372977
2007-04-15,4,2007,COAL,5033.765277777778,4842.786246720879
2007-04-15,4,2007,NATURAL GAS,2145.073611111111,2305.8741640440185
2007-04-15,4,2007,RENEWABLES,388.1097222222222,493.2785649653136
2007-04-15,4,2007,NET IMPORTS,76.56388888888888,64.43778960648233
2007-05-15,5,2007,COAL,4755.7768817204305,4857.676495845178
2007-05-15,5,2007,NATURAL GAS,1922.0349462365593,2291.5503428610486
2007-05-15,5,2007,RENEWABLES,475.43682795698925,499.8723072385326
2007-05-15,5,2007,NET IMPORTS,60.365591397849464,50.92861051257618
2007-06-15,6,2007,COAL,4731.7138888888885,4855.118794372093
2007-06-15,6,2007,NATURAL GAS,1985.4736111111113,2300.04485420584
2007-06-15,6,2007,RENEWABLES,675.775,500.7175251859412
2007-06-15,6,2007,NET IMPORTS,86.6138888888889,55.94198556668005
2007-07-15,7,2007,COAL,4507.01747311828,4848.72313136371
2007-07-15,7,2007,NATURAL GAS,2406.7594086021504,2302.0167542917425
2007-07-15,7,2007,RENEWABLES,566.9784946236559,504.84413771889535
2007-07-15,7,2007,NET IMPORTS,302.5766129032258,74.2331060826906
2007-08-15,8,2007,COAL,4409.646505376344,4821.158715654898
2007-08-15,8,2007,NATURAL GAS,2441.1639784946237,2301.404920513691
2007-08-15,8,2007,RENEWABLES,498.52150537634407,512.1182893335642
2007-08-15,8,2007,NET IMPORTS,144.88978494623655,93.20866796692705
2007-09-15,9,2007,COAL,4626.840277777777,4814.486216776477
2007-09-15,9,2007,NATURAL GAS,2237.1666666666665,2309.0153960632647
2007-09-15,9,2007,RENEWABLES,462.62638888888887,513.8938613389478
2007-09-15,9,2007,NET IMPORTS,5.633333333333334,82.39114890008094
2007-10-15,10,2007,COAL,4776.787634408603,4761.33517510981
2007-10-15,10,2007,NATURAL GAS,2287.9690860215055,2328.445257174376
2007-10-15,10,2007,RENEWABLES,520.4086021505376,520.1439770796885
2007-10-15,10,2007,NET IMPORTS,76.62903225806451,96.65388038156242
2007-11-15,11,2007,COAL,5069.7524339360225,4715.915596256764
2007-11-15,11,2007,NATURAL GAS,2403.1849791376912,2358.5970268876376
2007-11-15,11,2007,RENEWABLES,513.9332406119611,519.3333812015524
2007-11-15,11,2007,NET IMPORTS,-53.307371349095966,108.73094131346205
2007-12-15,12,2007,COAL,5047.4731182795695,4658.395804590097
2007-12-15,12,2007,NATURAL GAS,2502.791666666667,2372.186610220971
2007-12-15,12,2007,RENEWABLES,529.6989247311828,521.6800247200708
2007-12-15,12,2007,NET IMPORTS,-2.184139784946237,136.91323298012873
2008-01-15,1,2008,COAL,5075.389784946236,4665.225441686871
2008-01-15,1,2008,NATURAL GAS,2448.489247311828,2358.483429217387
2008-01-15,1,2008,RENEWABLES,548.997311827957,524.1940256161282
2008-01-15,1,2008,NET IMPORTS,134.31989247311827,128.92644982600686
2008-02-15,2,2008,COAL,4955.102011494253,4678.857386131315
2008-02-15,2,2008,NATURAL GAS,2499.0344827586205,2361.350700722763
2008-02-15,2,2008,RENEWABLES,490.92672413793105,525.8028965838702
2008-02-15,2,2008,NET IMPORTS,91.33620689655173,126.50037455718966
2008-03-15,3,2008,COAL,4784.56931359354,4680.254376872056
2008-03-15,3,2008,NATURAL GAS,2429.0430686406457,2365.504983130171
2008-03-15,3,2008,RENEWABLES,495.3135935397039,521.1772021394257
2008-03-15,3,2008,NET IMPORTS,65.257065948856,132.68602270533782
2008-04-15,4,2008,COAL,4395.952777777778,4649.519945868472
2008-04-15,4,2008,NATURAL GAS,2378.2319444444443,2368.1662734527513
2008-04-15,4,2008,RENEWABLES,463.1111111111111,517.3182191645153
2008-04-15,4,2008,NET IMPORTS,247.71666666666667,151.44072700641308
2008-05-15,5,2008,COAL,4210.741935483871,4595.998735854564
2008-05-15,5,2008,NATURAL GAS,2283.856182795699,2386.1496995074567
2008-05-15,5,2008,RENEWABLES,465.7096774193549,517.5428366888547
2008-05-15,5,2008,NET IMPORTS,205.29032258064515,174.36840433603754
2008-06-15,6,2008,COAL,4041.476388888889,4569.521585316929
2008-06-15,6,2008,NATURAL GAS,2148.5486111111113,2413.0634539877433
2008-06-15,6,2008,RENEWABLES,703.9347222222223,508.85320855265394
2008-06-15,6,2008,NET IMPORTS,424.8013888888889,192.85339537546406
2008-07-15,7,2008,COAL,4588.9731182795695,4522.05429141012
2008-07-15,7,2008,NATURAL GAS,2242.32123655914,2449.6468993282456
2008-07-15,7,2008,RENEWABLES,597.1465053763441,505.2636028178869
2008-07-15,7,2008,NET IMPORTS,206.73521505376345,206.3576516478655
2008-08-15,8,2008,COAL,4573.229838709677,4487.8817279522655
2008-08-15,8,2008,NATURAL GAS,2475.57123655914,2479.1188521539157
2008-08-15,8,2008,RENEWABLES,517.8279569892474,501.54736290956725
2008-08-15,8,2008,NET IMPORTS,115.77688172043011,219.2687465096608
2008-09-15,9,2008,COAL,4643.604166666667,4461.1315036364285
2008-09-15,9,2008,NATURAL GAS,2287.0180555555553,2508.8506825711434
2008-09-15,9,2008,RENEWABLES,407.11805555555554,500.033455327692
2008-09-15,9,2008,NET IMPORTS,79.86111111111111,231.06899325708116
2008-10-15,10,2008,COAL,4407.9744623655915,4466.978957340132
2008-10-15,10,2008,NATURAL GAS,2319.9045698924733,2502.692002015588
2008-10-15,10,2008,RENEWABLES,474.1008064516129,499.31748310546976
2008-10-15,10,2008,NET IMPORTS,301.68548387096774,221.38137751634042
2008-11-15,11,2008,COAL,4427.497913769123,4466.202299634039
2008-11-15,11,2008,NATURAL GAS,2618.9860917941587,2498.7491256715016
2008-11-15,11,2008,RENEWABLES,516.6286509040334,497.9853818509894
2008-11-15,11,2008,NET IMPORTS,221.82475660639778,224.98285601096407
2008-12-15,12,2008,COAL,4729.747311827957,4495.177183893298
2008-12-15,12,2008,NATURAL GAS,2825.7567204301076,2519.4777136344646
2008-12-15,12,2008,RENEWABLES,425.4233870967742,479.16234944358206
2008-12-15,12,2008,NET IMPORTS,219.63575268817203,210.56861989985296
2009-01-15,1,2009,COAL,4505.782258064516,4475.115579950646
2009-01-15,1,2009,NATURAL GAS,2887.4905913978496,2543.0872566452176
2009-01-15,1,2009,RENEWABLES,505.92204301075265,463.49937901347454
2009-01-15,1,2009,NET IMPORTS,296.3709677419355,214.3707032331863
2009-02-15,2,2009,COAL,4545.03125,4464.4988684811115
2009-02-15,2,2009,NATURAL GAS,2852.6979166666665,2549.650428688228
2009-02-15,2,2009,RENEWABLES,446.33184523809524,454.3926361819333
2009-02-15,2,2009,NET IMPORTS,246.26934523809524,209.78221757010385
2009-03-15,3,2009,COAL,4463.566621803499,4444.223868481112
2009-03-15,3,2009,NATURAL GAS,2785.8250336473757,2562.4738083178577
2009-03-15,3,2009,RENEWABLES,477.1467025572005,458.77492784860004
2009-03-15,3,2009,NET IMPORTS,206.8600269179004,207.4700647923261
2009-04-15,4,2009,COAL,4466.122222222222,4461.000526187205
2009-04-15,4,2009,NATURAL GAS,2304.327777777778,2589.914332511406
2009-04-15,4,2009,RENEWABLES,454.5194444444444,457.8712540134745
2009-04-15,4,2009,NET IMPORTS,131.46527777777777,181.9917941830071
2009-05-15,5,2009,COAL,4201.4220430107525,4446.781703748633
2009-05-15,5,2009,NATURAL GAS,2236.5416666666665,2604.5490103046372
2009-05-15,5,2009,RENEWABLES,449.7244623655914,469.3999976388802
2009-05-15,5,2009,NET IMPORTS,248.50806451612902,179.9465925140224
2009-06-15,6,2009,COAL,4389.175,4468.240709124977
2009-06-15,6,2009,NATURAL GAS,2397.2916666666665,2607.912809587792
2009-06-15,6,2009,RENEWABLES,478.05833333333334,473.25562039873677
2009-06-15,6,2009,NET IMPORTS,251.83055555555555,171.1006023706532
2009-07-15,7,2009,COAL,4348.2338709677415,4505.637214501321
2009-07-15,7,2009,NATURAL GAS,2525.635752688172,2595.3974646057127
2009-07-15,7,2009,RENEWABLES,409.19086021505376,469.79347882167593
2009-07-15,7,2009,NET IMPORTS,252.36021505376345,157.84208982585037
2009-08-15,8,2009,COAL,4445.829301075269,4536.957527001321
2009-08-15,8,2009,NATURAL GAS,2554.3293010752686,2587.6532929787286
2009-08-15,8,2009,RENEWABLES,408.5470430107527,469.1963806073902
2009-08-15,8,2009,NET IMPORTS,60.715053763440864,147.94402434965988
2009-09-15,9,2009,COAL,4400.304166666667,4556.316656655875
2009-09-15,9,2009,NATURAL GAS,2440.898611111111,2573.0723149616806
2009-09-15,9,2009,RENEWABLES,459.7055555555556,475.5859050578163
2009-09-15,9,2009,NET IMPORTS,52.11527777777778,132.10070896159348
2009-10-15,10,2009,COAL,4609.294354838709,4549.264226100319
2009-10-15,10,2009,NATURAL GAS,2649.190860215054,2605.062592739458
2009-10-15,10,2009,RENEWABLES,463.2567204301075,475.5929652430016
2009-10-15,10,2009,NET IMPORTS,-4.053763440860215,136.86691266529718
2009-11-15,11,2009,COAL,4256.872044506259,4525.100471620032
2009-11-15,11,2009,NATURAL GAS,2794.6022253129345,2669.442633062039
2009-11-15,11,2009,RENEWABLES,654.9735744089013,471.3537179311736
2009-11-15,11,2009,NET IMPORTS,197.28233657858135,144.08947090902478
2009-12-15,12,2009,COAL,4987.2553763440865,4511.711119768181
2009-12-15,12,2009,NATURAL GAS,2866.1223118279568,2689.542170099076
2009-12-15,12,2009,RENEWABLES,471.69086021505376,474.2479308941366
2009-12-15,12,2009,NET IMPORTS,113.48387096774194,160.82627646458033
2010-01-15,1,2010,COAL,4954.540322580645,4526.1648608076075
2010-01-15,1,2010,NATURAL GAS,2737.3064516129034,2698.714997160008
2010-01-15,1,2010,RENEWABLES,464.3763440860215,481.2844452310541
2010-01-15,1,2010,NET IMPORTS,137.2688172043011,166.15188130329003
2010-02-15,2,2010,COAL,4920.875,4544.256258657069
2010-02-15,2,2010,NATURAL GAS,2759.7678571428573,2710.646224758574
2010-02-15,2,2010,RENEWABLES,439.16666666666663,483.8982445142083
2010-02-15,2,2010,NET IMPORTS,127.49255952380952,176.524193131247
2010-03-15,3,2010,COAL,4695.876177658142,4585.622925323736
2010-03-15,3,2010,NATURAL GAS,2610.8532974427994,2716.5979608696853
2010-03-15,3,2010,RENEWABLES,553.8209959623149,482.30842969939346
2010-03-15,3,2010,NET IMPORTS,16.740242261103635,168.31748016828405
2010-04-15,4,2010,COAL,4381.493055555556,4581.138494320152
2010-04-15,4,2010,NATURAL GAS,2688.211111111111,2731.163485063234
2010-04-15,4,2010,RENEWABLES,454.6041666666667,483.64635532663357
2010-04-15,4,2010,NET IMPORTS,188.65972222222223,180.98190669158154
2010-05-15,5,2010,COAL,3911.456989247312,4635.288007532948
2010-05-15,5,2010,NATURAL GAS,3009.1021505376343,2747.6335824206744
2010-05-15,5,2010,RENEWABLES,398.85349462365593,475.3596144828691
2010-05-15,5,2010,NET IMPORTS,335.1787634408602,178.13501285755277
2010-06-15,6,2010,COAL,4228.502777777778,4622.165135669148
2010-06-15,6,2010,NATURAL GAS,2638.4861111111113,2775.8974713095636
2010-06-15,6,2010,RENEWABLES,512.7888888888889,482.47890211727764
2010-06-15,6,2010,NET IMPORTS,452.6722222222222,197.11115533067107
2010-07-15,7,2010,COAL,4521.67876344086,4598.228419719327
2010-07-15,7,2010,NATURAL GAS,2635.7096774193546,2812.11140500132
2010-07-15,7,2010,RENEWABLES,493.6290322580645,496.21568527139954
2010-07-15,7,2010,NET IMPORTS,316.26747311827955,219.67746357439864
2010-08-15,8,2010,COAL,4662.926075268817,4560.326882020915
2010-08-15,8,2010,NATURAL GAS,2697.5040322580644,2849.509966509256
2010-08-15,8,2010,RENEWABLES,439.9126344086022,514.3706951920345
2010-08-15,8,2010,NET IMPORTS,185.18279569892474,251.4074982966209
2010-09-15,9,2010,COAL,4896.704166666666,4556.103463447563
2010-09-15,9,2010,NATURAL GAS,2512.3194444444443,2876.04910962276
2010-09-15,9,2010,RENEWABLES,440.6277777777778,514.7229832135688
2010-09-15,9,2010,NET IMPORTS,-46.36527777777778,296.6615359816814
2010-10-15,10,2010,COAL,4555.481182795699,4529.871403262378
2010-10-15,10,2010,NATURAL GAS,2823.9771505376343,2889.0687855486863
2010-10-15,10,2010,RENEWABLES,479.31182795698925,529.2535387691244
2010-10-15,10,2010,NET IMPORTS,147.91935483870967,324.74440635205184
2010-11-15,11,2010,COAL,4906.666203059805,4564.129915807181
2010-11-15,11,2010,NATURAL GAS,2992.2433936022253,2828.3760212117686
2010-11-15,11,2010,RENEWABLES,555.5326842837273,543.6354832135688
2010-11-15,11,2010,NET IMPORTS,163.11961057023643,329.3375963162095
2010-12-15,12,2010,COAL,4829.780913978495,4567.355147288662
2010-12-15,12,2010,NATURAL GAS,3205.2889784946237,2811.337826767324
2010-12-15,12,2010,RENEWABLES,557.122311827957,572.2678906209762
2010-12-15,12,2010,NET IMPORTS,341.1975806451613,315.8152583532466
2011-01-15,1,2011,COAL,4667.299731182796,4566.693856966082
2011-01-15,1,2011,NATURAL GAS,3171.8736559139784,2804.458682502091
2011-01-15,1,2011,RENEWABLES,629.2177419354839,595.2386567500084
2011-01-15,1,2011,NET IMPORTS,408.06451612903226,323.8118981381928
2011-02-15,2,2011,COAL,4466.056547619048,4560.437808578985
2011-02-15,2,2011,NATURAL GAS,3208.5505952380954,2807.196921749403
2011-02-15,2,2011,RENEWABLES,657.0267857142858,609.293988291227
2011-02-15,2,2011,NET IMPORTS,508.2529761904762,341.4985020808451
2011-03-15,3,2011,COAL,4645.195154777927,4533.866512282689
2011-03-15,3,2011,NATURAL GAS,2929.323014804845,2811.8251624901436
2011-03-15,3,2011,RENEWABLES,558.0484522207269,627.9928308838197
2011-03-15,3,2011,NET IMPORTS,559.7886944818304,375.14908078454886
2011-04-15,4,2011,COAL,4066.7083333333335,4527.92890027552
2011-04-15,4,2011,NATURAL GAS,2844.4472222222225,2807.248101558244
2011-04-15,4,2011,RENEWABLES,628.9708333333333,641.7968183390168
2011-04-15,4,2011,NET IMPORTS,525.6541666666667,385.95799655515816
2011-05-15,5,2011,COAL,4322.559139784947,4499.093364809595
2011-05-15,5,2011,NATURAL GAS,2280.7889784946237,2812.293998637521
2011-05-15,5,2011,RENEWABLES,571.4368279569892,660.0587562156974
2011-05-15,5,2011,NET IMPORTS,390.2970430107527,401.9380614601187
2011-06-15,6,2011,COAL,4267.205555555555,4478.190587031818
2011-06-15,6,2011,NATURAL GAS,2434.027777777778,2809.1518615407463
2011-06-15,6,2011,RENEWABLES,856.3777777777777,684.916059083081
2011-06-15,6,2011,NET IMPORTS,290.40416666666664,396.98084819847
2011-07-15,7,2011,COAL,4513.743279569892,4481.8633020855805
2011-07-15,7,2011,NATURAL GAS,2553.1599462365593,2813.84709003537
2011-07-15,7,2011,RENEWABLES,769.2782258064516,705.0849658931169
2011-07-15,7,2011,NET IMPORTS,412.22715053763443,384.3982989153158
2011-08-15,8,2011,COAL,4587.853494623656,4494.112421201618
2011-08-15,8,2011,NATURAL GAS,2730.3629032258063,2814.6806371754906
2011-08-15,8,2011,RENEWABLES,608.5766129032259,712.3649416046657
2011-08-15,8,2011,NET IMPORTS,397.4220430107527,369.4739608611287
2011-09-15,9,2011,COAL,4577.8486111111115,4476.998356598658
2011-09-15,9,2011,NATURAL GAS,2567.858333333333,2822.703853864589
2011-09-15,9,2011,RENEWABLES,665.0138888888889,731.745829895379
2011-09-15,9,2011,NET IMPORTS,357.44166666666666,351.2657957646729
2011-10-15,10,2011,COAL,4484.229838709677,4469.515254746805
2011-10-15,10,2011,NATURAL GAS,2769.0524193548385,2837.9871871979226
2011-10-15,10,2011,RENEWABLES,644.9596774193549,737.4337928583419
2011-10-15,10,2011,NET IMPORTS,277.6263440860215,354.2623235424507
2011-11-15,11,2011,COAL,4560.639777468707,4433.523095248597
2011-11-15,11,2011,NATURAL GAS,3052.7941585535464,2880.9852830760587
2011-11-15,11,2011,RENEWABLES,774.6759388038943,752.6218528941844
2011-11-15,11,2011,NET IMPORTS,354.88038942976357,364.58154397255817
2011-12-15,12,2011,COAL,4578.947580645161,4372.01869710045
2011-12-15,12,2011,NATURAL GAS,3167.583333333333,2917.786671964947
2011-12-15,12,2011,RENEWABLES,855.4099462365591,764.8941908571474
2011-12-15,12,2011,NET IMPORTS,281.7110215053763,383.6137198984841
2012-01-15,1,2012,COAL,4711.372311827957,4338.286394233066
2012-01-15,1,2012,NATURAL GAS,3228.2163978494623,2944.568369993621
2012-01-15,1,2012,RENEWABLES,871.244623655914,783.0736263410182
2012-01-15,1,2012,NET IMPORTS,257.0739247311828,395.78531488056296
2012-02-15,2,2012,COAL,4613.045977011494,4327.856174699015
2012-02-15,2,2012,NATURAL GAS,3218.55316091954,2950.1298619291047
2012-02-15,2,2012,RENEWABLES,744.3864942528735,801.5201989216635
2012-02-15,2,2012,NET IMPORTS,329.1609195402299,395.6423937336096
2012-03-15,3,2012,COAL,4439.826379542395,4306.438466365682
2012-03-15,3,2012,NATURAL GAS,3025.6016150740243,2972.620834151327
2012-03-15,3,2012,RENEWABLES,790.6191117092867,807.2004072549968
2012-03-15,3,2012,NET IMPORTS,341.2907133243607,383.31068077064657
2012-04-15,4,2012,COAL,3976.911111111111,4300.181521921238
2012-04-15,4,2012,NATURAL GAS,3027.847222222222,2999.9771289541945
2012-04-15,4,2012,RENEWABLES,697.2263888888889,813.305693993348
2012-04-15,4,2012,NET IMPORTS,561.6125,383.57882593193693
2012-05-15,5,2012,COAL,3890.6532258064517,4271.745499668109
2012-05-15,5,2012,NATURAL GAS,2796.766129032258,3045.410833173017
2012-05-15,5,2012,RENEWABLES,753.6935483870968,813.9556708130049
2012-05-15,5,2012,NET IMPORTS,514.127688172043,390.77945180119974
2012-06-15,6,2012,COAL,3529.152777777778,4277.233626908252
2012-06-15,6,2012,NATURAL GAS,2875.6444444444446,3079.353709517103
2012-06-15,6,2012,RENEWABLES,1003.6458333333334,812.6377944689189
2012-06-15,6,2012,NET IMPORTS,518.7902777777778,396.49092133525
2012-07-15,7,2012,COAL,4108.955645161291,4271.179639453055
2012-07-15,7,2012,NATURAL GAS,2874.5403225806454,3096.7561512733755
2012-07-15,7,2012,RENEWABLES,987.4314516129032,820.2223598811053
2012-07-15,7,2012,NET IMPORTS,558.2862903225806,400.93234158614604
2012-08-15,8,2012,COAL,4462.690860215053,4277.816929067177
2012-08-15,8,2012,NATURAL GAS,2797.1008064516127,3104.7524652443662
2012-08-15,8,2012,RENEWABLES,829.9354838709677,837.7507919076515
2012-08-15,8,2012,NET IMPORTS,395.7069892473118,386.6653353943015
2012-09-15,9,2012,COAL,4320.836111111111,4252.439405514014
2012-09-15,9,2012,NATURAL GAS,2837.75,3155.348808896228
2012-09-15,9,2012,RENEWABLES,733.1763888888888,834.9349552095806
2012-09-15,9,2012,NET IMPORTS,209.4611111111111,395.8344695351718
2012-10-15,10,2012,COAL,4409.146505376344,4264.704799032532
2012-10-15,10,2012,NATURAL GAS,3097.3279569892475,3169.6268181554874
2012-10-15,10,2012,RENEWABLES,718.2231182795699,841.1913209503214
2012-10-15,10,2012,NET IMPORTS,280.8440860215054,390.5838908314681
2012-11-15,11,2012,COAL,4219.407510431154,4270.386362652604
2012-11-15,11,2012,NATURAL GAS,3597.9986091794162,3188.844224069466
2012-11-15,11,2012,RENEWABLES,782.4756606397775,843.9376247137624
2012-11-15,11,2012,NET IMPORTS,441.28789986091795,373.34923581354695
2012-12-15,12,2012,COAL,4644.805107526881,4277.799094134085
2012-12-15,12,2012,NATURAL GAS,3574.8978494623657,3216.1706129583545
2012-12-15,12,2012,RENEWABLES,839.5954301075269,840.9851941582068
2012-12-15,12,2012,NET IMPORTS,350.2486559139785,360.8316432209544
2013-01-15,1,2013,COAL,4638.7244623655915,4301.714528721898
2013-01-15,1,2013,NATURAL GAS,3437.0456989247314,3231.4042599117597
2013-01-15,1,2013,RENEWABLES,962.2594086021505,832.250875161791
2013-01-15,1,2013,NET IMPORTS,310.3709677419355,333.01320684102603
2013-02-15,2,2013,COAL,4692.693452380952,4289.500147001469
2013-02-15,2,2013,NATURAL GAS,3314.5089285714284,3275.0593898400753
2013-02-15,2,2013,RENEWABLES,954.7276785714286,824.2564755202138
2013-02-15,2,2013,NET IMPORTS,157.95684523809524,320.0645061241802
2013-03-15,3,2013,COAL,4135.296096904442,4289.166234964431
2013-03-15,3,2013,NATURAL GAS,3632.757738896366,3300.9436490993344
2013-03-15,3,2013,RENEWABLES,756.8290713324361,831.5401560757695
2013-03-15,3,2013,NET IMPORTS,451.32032301480484,315.5866126056616
2013-04-15,4,2013,COAL,4124.095833333334,4307.130952706367
2013-04-15,4,2013,NATURAL GAS,3199.1833333333334,3295.9792673789048
2013-04-15,4,2013,RENEWABLES,772.3027777777778,836.7698827782784
2013-04-15,4,2013,NET IMPORTS,498.60555555555555,304.67711439777634
2013-05-15,5,2013,COAL,3958.831989247312,4369.838416776835
2013-05-15,5,2013,NATURAL GAS,3027.375,3275.6740981624002
2013-05-15,5,2013,RENEWABLES,786.6491935483871,844.615733496869
2013-05-15,5,2013,NET IMPORTS,307.31182795698925,276.7075965489122
2013-06-15,6,2013,COAL,3618.1055555555554,4404.814895271459
2013-06-15,6,2013,NATURAL GAS,3203.561111111111,3285.1961635745865
2013-06-15,6,2013,RENEWABLES,968.2166666666667,848.399447654575
2013-06-15,6,2013,NET IMPORTS,368.57916666666665,259.3170275524964
2013-07-15,7,2013,COAL,4395.940860215053,4429.078000110168
2013-07-15,7,2013,NATURAL GAS,3057.3440860215055,3293.9566922484214
2013-07-15,7,2013,RENEWABLES,882.619623655914,846.8426600201665
2013-07-15,7,2013,NET IMPORTS,224.46505376344086,243.2722246851129
2013-08-15,8,2013,COAL,4316.118279569892,4451.534721340327
2013-08-15,8,2013,NATURAL GAS,3320.962365591398,3330.555650581755
2013-08-15,8,2013,RENEWABLES,734.002688172043,831.3548127979443
2013-08-15,8,2013,NET IMPORTS,240.32258064516128,251.63333579622403
2013-09-15,9,2013,COAL,4316.829166666666,4510.768907073841
2013-09-15,9,2013,NATURAL GAS,3148.3611111111113,3325.889993336353
2013-09-15,9,2013,RENEWABLES,820.5805555555555,826.6961093434803
2013-09-15,9,2013,NET IMPORTS,155.7263888888889,238.5530307266861
2013-10-15,10,2013,COAL,4624.7231182795695,4556.172610777544
2013-10-15,10,2013,NATURAL GAS,3037.755376344086,3312.1577016696865
2013-10-15,10,2013,RENEWABLES,780.9798387096774,830.3935630471841
2013-10-15,10,2013,NET IMPORTS,149.93010752688173,220.09666498594535
2013-11-15,11,2013,COAL,4971.897079276773,4581.48387869869
2013-11-15,11,2013,NATURAL GAS,3354.336578581363,3309.2518996983604
2013-11-15,11,2013,RENEWABLES,876.6258692628651,829.7262243375067
2013-11-15,11,2013,NET IMPORTS,105.65368567454799,220.00616319383064
2013-12-15,12,2013,COAL,5064.522849462365,4643.515938883876
2013-12-15,12,2013,NATURAL GAS,3689.1626344086026,3278.027478402064
2013-12-15,12,2013,RENEWABLES,885,826.707358596766
2013-12-15,12,2013,NET IMPORTS,141.56182795698925,213.65963541605288
2014-01-15,1,2014,COAL,4929.881720430108,4656.663340317568
2014-01-15,1,2014,NATURAL GAS,3542.1720430107525,3292.085834136831
2014-01-15,1,2014,RENEWABLES,943.5779569892474,826.1622197078772
2014-01-15,1,2014,NET IMPORTS,117.83333333333333,221.20119007555112
2014-02-15,2,2014,COAL,4962.174107142857,4721.549429027245
2014-02-15,2,2014,NATURAL GAS,3753.6964285714284,3258.9699067174765
2014-02-15,2,2014,RENEWABLES,768.8735119047619,821.1124885250814
2014-02-15,2,2014,NET IMPORTS,258.29017857142856,207.68315692142923
2014-03-15,3,2014,COAL,4846.106325706595,4784.7643595828
2014-03-15,3,2014,NATURAL GAS,3576.769851951548,3234.285300235995
2014-03-15,3,2014,RENEWABLES,700.9246298788695,814.6820487102665
2014-03-15,3,2014,NET IMPORTS,294.35666218034993,192.29681432883663
2014-04-15,4,2014,COAL,4668.940277777778,4807.559050443016
2014-04-15,4,2014,NATURAL GAS,3034.395833333333,3236.0840233542744
2014-04-15,4,2014,RENEWABLES,816.6722222222222,832.3542037281877
2014-04-15,4,2014,NET IMPORTS,277.12916666666666,179.80364676611262
2014-05-15,5,2014,COAL,4262.567204301075,4831.172286418908
2014-05-15,5,2014,NATURAL GAS,2992.505376344086,3235.95340212108
2014-05-15,5,2014,RENEWABLES,778.641129032258,835.3409909326383
2014-05-15,5,2014,NET IMPORTS,306.2258064516129,177.94829210686365
2014-06-15,6,2014,COAL,4362.490277777778,4849.127371544357
2014-06-15,6,2014,NATURAL GAS,2828.8680555555557,3211.8007363504707
2014-06-15,6,2014,RENEWABLES,931.9902777777777,849.0741898573696
2014-06-15,6,2014,NET IMPORTS,292.42083333333335,168.9212983792651
2014-07-15,7,2014,COAL,4553.709677419355,4837.410413659051
2014-07-15,7,2014,NATURAL GAS,3226.0443548387098,3225.3323223719763
2014-07-15,7,2014,RENEWABLES,876.0779569892474,863.4279084953623
2014-07-15,7,2014,NET IMPORTS,314.96370967741933,172.52412095991028
2014-08-15,8,2014,COAL,5094.751344086021,4809.415870008258
2014-08-15,8,2014,NATURAL GAS,2923.57123655914,3235.3387707846746
2014-08-15,8,2014,RENEWABLES,673.4059139784946,873.565309289013
2014-08-15,8,2014,NET IMPORTS,78.10618279569893,177.78862988848172
2014-09-15,9,2014,COAL,5075.408333333334,4760.547094772726
2014-09-15,9,2014,NATURAL GAS,2852.1458333333335,3257.6099686312427
2014-09-15,9,2014,RENEWABLES,743.4152777777778,904.0798898183984
2014-09-15,9,2014,NET IMPORTS,-28.90972222222222,161.1319452765481
2014-10-15,10,2014,COAL,4898.259408602151,4701.819085513467
2014-10-15,10,2014,NATURAL GAS,3059.340053763441,3316.4751306682797
2014-10-15,10,2014,RENEWABLES,993.0456989247311,910.7160009295097
2014-10-15,10,2014,NET IMPORTS,0.01209677419354858,140.07963046173327
2014-11-15,11,2014,COAL,5255.255910987483,4661.380465441783
2014-11-15,11,2014,NATURAL GAS,3352.7691237830322,3370.6297005607526
2014-11-15,11,2014,RENEWABLES,912.4673157162727,909.133339639187
2014-11-15,11,2014,NET IMPORTS,83.3894297635605,123.74540107105229
2014-12-15,12,2014,COAL,5279.9838709677415,4666.891229330671
2014-12-15,12,2014,NATURAL GAS,3399.3306451612902,3406.3132653755674
2014-12-15,12,2014,RENEWABLES,1049.7983870967741,893.0641266762241
2014-12-15,12,2014,NET IMPORTS,33.23790322580645,121.64435940438561
2015-01-15,1,2015,COAL,4789.278225806452,4665.080857466873
2015-01-15,1,2015,NATURAL GAS,3704.5510752688174,3453.8039687805854
2015-01-15,1,2015,RENEWABLES,1115.8225806451615,883.5636786475502
2015-01-15,1,2015,NET IMPORTS,161.06720430107526,95.59866047965443
2015-02-15,2,2015,COAL,4626.239583333333,4612.087913918485
2015-02-15,2,2015,NATURAL GAS,3873.7738095238096,3526.358516271625
2015-02-15,2,2015,RENEWABLES,890.5223214285714,891.0775675364392
2015-02-15,2,2015,NET IMPORTS,321.4642857142857,91.44476263019205
2015-03-15,3,2015,COAL,4259.681022880215,4581.2588629925585
2015-03-15,3,2015,NATURAL GAS,3844.0242261103635,3558.1762246049584
2015-03-15,3,2015,RENEWABLES,1067.099596231494,900.3129842031058
2015-03-15,3,2015,NET IMPORTS,94.4764468371467,79.27335059315502
2015-04-15,4,2015,COAL,3964.204166666667,4569.24643019686
2015-04-15,4,2015,NATURAL GAS,3740.777777777778,3589.510341988471
2015-04-15,4,2015,RENEWABLES,896.3055555555555,892.7182261385897
2015-04-15,4,2015,NET IMPORTS,24.50138888888889,61.437553102115594
2015-05-15,5,2015,COAL,3777.30376344086,4523.119981425419
2015-05-15,5,2015,NATURAL GAS,3642.3602150537636,3623.2611533004783
2015-05-15,5,2015,RENEWABLES,759.6491935483871,899.7783791288539
2015-05-15,5,2015,NET IMPORTS,110.21505376344086,49.81330646326534
2015-06-15,6,2015,COAL,4428.6194444444445,4488.290568342981
2015-06-15,6,2015,NATURAL GAS,3257.0708333333337,3660.799347744922
2015-06-15,6,2015,RENEWABLES,739.1597222222222,895.9916407775994
2015-06-15,6,2015,NET IMPORTS,267.2083333333333,50.5506496532295
2015-07-15,7,2015,COAL,4531.985215053764,4481.083243074164
2015-07-15,7,2015,NATURAL GAS,3795.9327956989246,3696.417067278973
2015-07-15,7,2015,RENEWABLES,762.0725806451612,885.0954714227606
2015-07-15,7,2015,NET IMPORTS,2.415322580645162,36.682146069000105
2015-08-15,8,2015,COAL,4458.836021505376,4456.596084309796
2015-08-15,8,2015,NATURAL GAS,3794.225806451613,3710.371740240111
2015-08-15,8,2015,RENEWABLES,763.5725806451612,906.0335059397285
2015-08-15,8,2015,NET IMPORTS,28.259408602150536,7.471041799706181
2015-09-15,9,2015,COAL,4705.459722222222,4414.365936261344
2015-09-15,9,2015,NATURAL GAS,3233.9583333333335,3750.946325255813
2015-09-15,9,2015,RENEWABLES,854.2402777777777,903.3211910002937
2015-09-15,9,2015,NET IMPORTS,-174.96666666666667,2.9624056399933054
2015-10-15,10,2015,COAL,4754.110215053764,4392.344061261344
2015-10-15,10,2015,NATURAL GAS,3435.3494623655915,3753.2000289595176
2015-10-15,10,2015,RENEWABLES,901.9086021505376,904.7935289632566
2015-10-15,10,2015,NET IMPORTS,-214.01747311827958,6.0474750844377505
2015-11-15,11,2015,COAL,4701.738525730181,4400.9308668169
2015-11-15,11,2015,NATURAL GAS,3757.778859527121,3694.892793296435
2015-11-15,11,2015,RENEWABLES,997.1891515994437,916.1959707195291
2015-11-15,11,2015,NET IMPORTS,-56.10152990264256,4.715037808452087
2015-12-15,12,2015,COAL,4862.030913978495,4381.142440890973
2015-12-15,12,2015,NATURAL GAS,3849.7889784946237,3688.3789044075456
2015-12-15,12,2015,RENEWABLES,1004.3575268817204,936.7368272010104
2015-12-15,12,2015,NET IMPORTS,42.086021505376344,-20.16273996932569
2016-01-15,1,2016,COAL,4702.790322580645,4386.567172073769
2016-01-15,1,2016,NATURAL GAS,4131.9637096774195,3667.7201902498396
2016-01-15,1,2016,RENEWABLES,985.0685483870967,939.8274410002937
2016-01-15,1,2016,NET IMPORTS,-5.354838709677419,-32.198582263232495
2016-02-15,2,2016,COAL,4332.39367816092,4395.772705227891
2016-02-15,2,2016,NATURAL GAS,4041.2298850574716,3672.4657099631017
2016-02-15,2,2016,RENEWABLES,1141.778735632184,945.0001560540571
2016-02-15,2,2016,NET IMPORTS,-29.06896551724138,-60.5162345929816
2016-03-15,3,2016,COAL,3752.9192462987885,4381.353955227892
2016-03-15,3,2016,NATURAL GAS,4330.9192462987885,3699.4272840371755
2016-03-15,3,2016,RENEWABLES,1034.5518169582772,948.777470868872
2016-03-15,3,2016,NET IMPORTS,40.372812920592196,-69.96669755594456
2016-04-15,4,2016,COAL,3699.9416666666666,4359.861235693841
2016-04-15,4,2016,NATURAL GAS,3767.8222222222225,3721.602911277319
2016-04-15,4,2016,RENEWABLES,913.9736111111112,940.6207728401981
2016-04-15,4,2016,NET IMPORTS,61.522222222222226,-48.68130329071158
2016-05-15,5,2016,COAL,3880.3454301075267,4362.044592207517
2016-05-15,5,2016,NATURAL GAS,2942.673387096774,3714.236430053397
2016-05-15,5,2016,RENEWABLES,896.4784946236559,948.9444863311578
2016-05-15,5,2016,NET IMPORTS,94.2258064516129,-45.45193379604307
2016-06-15,6,2016,COAL,4191.158333333334,4365.541119985295
2016-06-15,6,2016,NATURAL GAS,3178.9041666666667,3742.3281639243646
2016-06-15,6,2016,RENEWABLES,985.65,952.9570311340252
2016-06-15,6,2016,NET IMPORTS,-31.325,-50.80285225482442
2016-07-15,7,2016,COAL,4597.081989247312,4355.871989160923
2016-07-15,7,2016,NATURAL GAS,3548.0282258064517,3770.138423780995
2016-07-15,7,2016,RENEWABLES,799.1599462365591,953.5306198437025
2016-07-15,7,2016,NET IMPORTS,-142.01478494623655,-63.44554938744091
2016-08-15,8,2016,COAL,4569.302419354839,4362.0633889967185
2016-08-15,8,2016,NATURAL GAS,3851.172043010753,3805.3390087563644
2016-08-15,8,2016,RENEWABLES,825.6451612903226,931.7381706441952
2016-08-15,8,2016,NET IMPORTS,-311.5524193548387,-67.3408439276708
2016-09-15,9,2016,COAL,4532.434722222222,4384.8818053269115
2016-09-15,9,2016,NATURAL GAS,3557.497222222222,3793.7712653736817
2016-09-15,9,2016,RENEWABLES,899.5680555555556,929.2872958124321
2016-09-15,9,2016,NET IMPORTS,-288.3722222222222,-57.62594935611404
2016-10-15,10,2016,COAL,4496.197580645161,4391.033050304504
2016-10-15,10,2016,NATURAL GAS,3701.456989247312,3776.9438224230817
2016-10-15,10,2016,RENEWABLES,804.0282258064516,932.2291100928113
2016-10-15,10,2016,NET IMPORTS,41.40725806451613,-33.012073345193535
2016-11-15,11,2016,COAL,4727.938803894298,4388.642257293751
2016-11-15,11,2016,NATURAL GAS,3669.381084840056,3800.4150365807877
2016-11-15,11,2016,RENEWABLES,1097.0737134909598,940.5600912756069
2016-11-15,11,2016,NET IMPORTS,-17.349095966620308,-7.116688040534033
2016-12-15,12,2016,COAL,4903.989247311828,4346.051632293751
2016-12-15,12,2016,NATURAL GAS,4186.889784946236,3818.0436245437504
2016-12-15,12,2016,RENEWABLES,1052.508064516129,959.5148366459772
2016-12-15,12,2016,NET IMPORTS,-22.125,26.497432329836332
2017-01-15,1,2017,COAL,4586.760752688172,4302.596211146798
2017-01-15,1,2017,NATURAL GAS,4465.686827956989,3880.59962812798
2017-01-15,1,2017,RENEWABLES,991.9516129032257,967.9813465026082
2017-01-15,1,2017,NET IMPORTS,-157.06720430107526,30.472230716933108
2017-02-15,2,2017,COAL,4406.690476190476,4272.514221899486
2017-02-15,2,2017,NATURAL GAS,4463.636904761905,3924.4809005294137
2017-02-15,2,2017,RENEWABLES,880.2693452380953,962.8106475778769
2017-02-15,2,2017,NET IMPORTS,-75.8125,38.83434989256035
2017-03-15,3,2017,COAL,4026.7402422611035,4225.164684862449
2017-03-15,3,2017,NATURAL GAS,4192.106325706594,3982.8991875664506
2017-03-15,3,2017,RENEWABLES,1005.1413189771197,953.6020827630622
2017-03-15,3,2017,NET IMPORTS,156.95154777927323,45.997775818486275
2017-04-15,4,2017,COAL,3773.7566063977747,4148.524115866033
2017-04-15,4,2017,NATURAL GAS,3565.892906815021,4033.0409886417197
2017-04-15,4,2017,RENEWABLES,949.2753824756606,973.6108193222018
2017-04-15,4,2017,NET IMPORTS,356.88873435326843,33.91914678622821
2017-05-15,5,2017,COAL,3851.6559139784945,4112.983897970808
2017-05-15,5,2017,NATURAL GAS,3224.327956989247,4096.410831015387
2017-05-15,5,2017,RENEWABLES,996.4502688172042,971.0153163087572
2017-05-15,5,2017,NET IMPORTS,404.9704301075269,36.79837719883832
2017-06-15,6,2017,COAL,3680.070833333333,4062.0307169672237
2017-06-15,6,2017,NATURAL GAS,3390.447222222222,4150.1730397967485
2017-06-15,6,2017,RENEWABLES,1213.1069444444445,966.8065349467502
2017-06-15,6,2017,NET IMPORTS,372.0444444444444,30.01107881174154
2017-07-15,7,2017,COAL,4075.6169354838707,3979.7377062145356
2017-07-15,7,2017,NATURAL GAS,4298.700268817204,4220.170463631875
2017-07-15,7,2017,RENEWABLES,900.758064516129,977.2384345883271
2017-07-15,7,2017,NET IMPORTS,-94.31720430107526,64.36468544256591
2017-08-15,8,2017,COAL,4208.318548387097,3898.998370897076
2017-08-15,8,2017,NATURAL GAS,4377.747311827957,4306.30091998108
2017-08-15,8,2017,RENEWABLES,763.5967741935484,981.8690149454701
2017-08-15,8,2017,NET IMPORTS,-211.20698924731184,119.65833623621671
2017-09-15,9,2017,COAL,3964.240277777778,3852.085854073388
2017-09-15,9,2017,NATURAL GAS,4258.516666666666,4400.322229985567
2017-09-15,9,2017,RENEWABLES,789.0652777777777,963.6002845731058
2017-09-15,9,2017,NET IMPORTS,-202.4111111111111,141.44938603433246
2017-10-15,10,2017,COAL,3576.510752688172,3798.601391503203
2017-10-15,10,2017,NATURAL GAS,4303.158602150538,4479.46564515839
2017-10-15,10,2017,RENEWABLES,1044.133064516129,957.703377700134
2017-10-15,10,2017,NET IMPORTS,-103.53629032258064,174.00634335674525
2017-11-15,11,2017,COAL,4301.4561891516,3707.3124130085794
2017-11-15,11,2017,NATURAL GAS,4429.819193324061,4590.755631717529
2017-11-15,11,2017,RENEWABLES,1065.9276773296244,952.4889959797039
2017-11-15,11,2017,NET IMPORTS,17.201668984700973,207.22262919903918
2017-12-15,12,2017,COAL,4292.551075268817,3642.1832463419123
2017-12-15,12,2017,NATURAL GAS,4832.0362903225805,4686.043941902714
2017-12-15,12,2017,RENEWABLES,1002.002688172043,938.346982090815
2017-12-15,12,2017,NET IMPORTS,-103.5725806451613,235.7596662360762
2018-01-15,1,2018,COAL,3599.244623655914,3577.230177345497
2018-01-15,1,2018,NATURAL GAS,5305.655913978495,4749.283861257553
2018-01-15,1,2018,RENEWABLES,1117.1344086021506,939.2723853166216
2018-01-15,1,2018,NET IMPORTS,255.17607526881721,267.2757952683343
2018-02-15,2,2018,COAL,3437.8184523809523,3507.3709703562495
2018-02-15,2,2018,NATURAL GAS,5497.202380952381,4822.553014483359
2018-02-15,2,2018,RENEWABLES,935.8363095238095,953.1691147073025
2018-02-15,2,2018,NET IMPORTS,587.7113095238095,291.9531026160045
2018-03-15,3,2018,COAL,3463.790040376851,3453.3837018377308
2018-03-15,3,2018,NATURAL GAS,5320.36204576043,4899.688083927804
2018-03-15,3,2018,RENEWABLES,785.9165545087483,949.194346188784
2018-03-15,3,2018,NET IMPORTS,418.4441453566622,312.3936118752638
2018-04-15,4,2018,COAL,3131.9430555555555,3432.496269042032
2018-04-15,4,2018,NATURAL GAS,4515.613888888889,4986.621215648233
2018-04-15,4,2018,RENEWABLES,878.5125,940.32472253287
2018-04-15,4,2018,NET IMPORTS,747.5722222222222,327.37020237705593
2018-05-15,5,2018,COAL,2756.1881720430106,3373.99881887977
2018-05-15,5,2018,NATURAL GAS,4559.8077956989255,5075.173950928716
2018-05-15,5,2018,RENEWABLES,933.877688172043,941.0494559589247
2018-05-15,5,2018,NET IMPORTS,803.5658602150538,324.7325111392256
2018-06-15,6,2018,COAL,2898.5208333333335,3310.2848851880135
2018-06-15,6,2018,NATURAL GAS,4533.906944444445,5164.958449136601
2018-06-15,6,2018,RENEWABLES,1043.4027777777778,956.573201478638
2018-06-15,6,2018,NET IMPORTS,714.4888888888889,303.48732744746934
2018-07-15,7,2018,COAL,3296.180107526882,3282.49906170011
2018-07-15,7,2018,NATURAL GAS,5057.579301075269,5219.778957481135
2018-07-15,7,2018,RENEWABLES,911.8629032258065,951.7002088935125
2018-07-15,7,2018,NET IMPORTS,283.8763440860215,283.2648873265016
2018-08-15,8,2018,COAL,3370.0080645161293,3316.1536294332454
2018-08-15,8,2018,NATURAL GAS,5256.977150537634,5277.547845353159
2018-08-15,8,2018,RENEWABLES,930.3575268817204,933.1774472863698
2018-08-15,8,2018,NET IMPORTS,84.92069892473118,225.82361163205712
2018-09-15,9,2018,COAL,3316.3930555555557,3328.1588372955152
2018-09-15,9,2018,NATURAL GAS,5184.1375,5303.779160247731
2018-09-15,9,2018,RENEWABLES,741.3680555555555,931.7073959853378
2018-09-15,9,2018,NET IMPORTS,42.875,180.60133271774578
2018-10-15,10,2018,COAL,3325.8615591397847,3315.715442584867
2018-10-15,10,2018,NATURAL GAS,5346.356182795699,5358.979132458379
2018-10-15,10,2018,RENEWABLES,937.6975806451613,935.6766605802453
2018-10-15,10,2018,NET IMPORTS,76.18279569892474,135.33002915293096
2018-11-15,11,2018,COAL,3599.4867872044506,3318.529374394903
2018-11-15,11,2018,NATURAL GAS,5492.452016689847,5386.266318087859
2018-11-15,11,2018,RENEWABLES,1074.6244784422809,919.3526946976289
2018-11-15,11,2018,NET IMPORTS,-14.450625869262865,123.95337538949009
2018-12-15,12,2018,COAL,3527.983870967742,3291.363480957403
2018-12-15,12,2018,NATURAL GAS,5909.450268817204,5443.095984152674
2018-12-15,12,2018,RENEWABLES,1188.2876344086021,916.5001327416103
2018-12-15,12,2018,NET IMPORTS,-358.51478494623655,104.32388072513824
2019-01-15,1,2019,COAL,3265.8147418010753,3272.0955950927078
2019-01-15,1,2019,NATURAL GAS,5963.5020141129035,5463.665505994071
2019-01-15,1,2019,RENEWABLES,1058.6584975806452,923.6656843881156
2019-01-15,1,2019,NET IMPORTS,12.506793817204302,89.09312828338197
2019-02-15,2,2019,COAL,3841.6732651785715,3253.8280898507724
2019-02-15,2,2019,NATURAL GAS,6190.429035416666,5463.504020857424
2019-02-15,2,2019,RENEWABLES,713.5631702380953,916.2223378379364
2019-02-15,2,2019,NET IMPORTS,-101.5839988095238,96.5531786978085
2019-03-15,3,2019,COAL,3607.8525347240916,3254.5917572234575
2019-03-15,3,2019,NATURAL GAS,5635.137824495289,5428.943589132886
2019-03-15,3,2019,RENEWABLES,768.2759388963661,936.2280868888623
2019-03-15,3,2019,NET IMPORTS,-124.22320161507403,98.54996710058627
2019-04-15,4,2019,COAL,2982.622319027778,3233.997514548726
2019-04-15,4,2019,NATURAL GAS,5178.013555416666,5399.290933364517
2019-04-15,4,2019,RENEWABLES,926.143675138889,954.9943476527511
2019-04-15,4,2019,NET IMPORTS,204.31657944444444,103.58160828562211
2019-05-15,5,2019,COAL,2789.955353763441,3195.325856574688
2019-05-15,5,2019,NATURAL GAS,4887.254023252688,5387.088681208745
2019-05-15,5,2019,RENEWABLES,737.9900975806452,955.5192099615134
2019-05-15,5,2019,NET IMPORTS,667.0460150537634,126.85272105799116
2019-06-15,6,2019,COAL,2572.5301120833333,3171.459484150853
2019-06-15,6,2019,NATURAL GAS,5215.862937222222,5372.698440180519
2019-06-15,6,2019,RENEWABLES,1009.1720343055556,954.9171117536281
2019-06-15,6,2019,NET IMPORTS,478.9349529166667,170.63785709069725
2019-07-15,7,2019,COAL,3064.9654771505375,3156.692759867699
2019-07-15,7,2019,NATURAL GAS,5304.413563172043,5355.795765382132
2019-07-15,7,2019,RENEWABLES,997.849522983871,964.1553172755815
2019-07-15,7,2019,NET IMPORTS,101.10731478494624,210.02451300467575
2019-08-15,8,2019,COAL,3150.798001612903,3074.172514876764
2019-08-15,8,2019,NATURAL GAS,5255.039328897849,5309.671031970974
2019-08-15,8,2019,RENEWABLES,841.0373682795699,1007.4294123203954
2019-08-15,8,2019,NET IMPORTS,174.44130389784945,258.749052309205
2019-09-15,9,2019,COAL,3325.557064027778,3001.420083853884
2019-09-15,9,2019,NATURAL GAS,4769.412319305556,5316.294270676671
2019-09-15,9,2019,RENEWABLES,981.4370441666667,1036.0307878924007
2019-09-15,9,2019,NET IMPORTS,66.83646083333333,306.03095671701124
2019-10-15,10,2019,COAL,3078.730647043011,2951.673975555273
2019-10-15,10,2019,NATURAL GAS,4990.524313575269,5326.709866880375
2019-10-15,10,2019,RENEWABLES,1162.892709811828,1051.4803851493452
2019-10-15,10,2019,NET IMPORTS,136.56248991935485,312.20119772395566
2019-11-15,11,2019,COAL,3135.4268915159946,2891.3083878610632
2019-11-15,11,2019,NATURAL GAS,5346.024990820584,5308.560793930686
2019-11-15,11,2019,RENEWABLES,1080.922826147427,1086.810492116191
2019-11-15,11,2019,NET IMPORTS,264.8027273991655,305.6611021594395
2019-12-15,12,2019,COAL,3241.5874018817203,2856.3966878379156
2019-12-15,12,2019,NATURAL GAS,5736.767376478495,5263.301269983926
2019-12-15,12,2019,RENEWABLES,1181.0624559139785,1111.5739540837837
2019-12-15,12,2019,NET IMPORTS,166.90684744623655,314.8193335020321
2020-01-15,1,2020,COAL,3088.614050403226,2789.562538129134
2020-01-15,1,2020,NATURAL GAS,5760.669916532258,5213.299372481687
2020-01-15,1,2020,RENEWABLES,1169.516963844086,1130.5505757011672
2020-01-15,1,2020,NET IMPORTS,485.14666478494627,369.84818576457695
2020-02-15,2,2020,COAL,2851.4303252873565,2729.444935922593
2020-02-15,2,2020,NATURAL GAS,5636.932234482759,5162.027852656418
2020-02-15,2,2020,RENEWABLES,1232.8523107758622,1153.3704129211494
2020-02-15,2,2020,NET IMPORTS,483.1104728448276,418.92873287479205
2020-03-15,3,2020,COAL,2734.8233624495288,2661.843095586945
2020-03-15,3,2020,NATURAL GAS,5714.616688963661,5194.781192309196
2020-03-15,3,2020,RENEWABLES,1111.4924457604307,1157.32225303689
2020-03-15,3,2020,NET IMPORTS,443.1596512786003,423.1881565321994
2020-04-15,4,2020,COAL,2385.6690194444445,2638.3772311940234
2020-04-15,4,2020,NATURAL GAS,5303.000709861111,5226.171345467797
2020-04-15,4,2020,RENEWABLES,1111.5388422222222,1151.11316585051
2020-04-15,4,2020,NET IMPORTS,278.35947152777777,420.1364971459987
2020-05-15,5,2020,COAL,2065.568301432927,2601.7612666831287
2020-05-15,5,2020,NATURAL GAS,4669.465147856426,5242.13186795273
2020-05-15,5,2020,RENEWABLES,1161.9513811827958,1183.8499595222763
2020-05-15,5,2020,NET IMPORTS,588.5648682795699,426.11665994154805
2020-06-15,6,2020,COAL,2153.5897118055555,2552.63248936458
2020-06-15,6,2020,NATURAL GAS,4672.7486498611115,5259.589153627014
2020-06-15,6,2020,RENEWABLES,1306.3335779166666,1195.0459574165416
2020-06-15,6,2020,NET IMPORTS,588.8337290277778,436.78816862210357
2020-07-15,7,2020,COAL,2262.9556806451615,2484.7367415263184
2020-07-15,7,2020,NATURAL GAS,4704.390793145161,5284.19383233445
2020-07-15,7,2020,RENEWABLES,1225.5689823924731,1204.7919862583874
2020-07-15,7,2020,NET IMPORTS,761.4535419354839,449.2251541955803
2020-08-15,8,2020,COAL,2429.3867751344087,2461.3432755780796
2020-08-15,8,2020,NATURAL GAS,4639.781090994624,5348.179434173189
2020-08-15,8,2020,RENEWABLES,1114.8754149193549,1195.4763908043474
2020-08-15,8,2020,NET IMPORTS,763.4078692204301,456.97859570702326
2020-09-15,9,2020,COAL,2514.33498,2387.4703319598652
2020-09-15,9,2020,NATURAL GAS,5162.452395138889,5375.929693291628
2020-09-15,9,2020,RENEWABLES,1028.8591255555555,1212.5550221188382
2020-09-15,9,2020,NET IMPORTS,117.94954472222223,466.89042831133014
2020-10-15,10,2020,COAL,2797.140274327957,2373.8321067283837
2020-10-15,10,2020,NATURAL GAS,5367.206151478495,5368.491746844868
2020-10-15,10,2020,RENEWABLES,1088.3836635752689,1211.750247709116
2020-10-15,10,2020,NET IMPORTS,99.94257728494624,488.6796807418857
2020-11-15,11,2020,COAL,2696.0353173852573,2383.8017672720557
2020-11-15,11,2020,NATURAL GAS,5537.551260639777,5408.951592319198
2020-11-15,11,2020,RENEWABLES,1473.764350208623,1199.9274203233633
2020-11-15,11,2020,NET IMPORTS,336.564680945758,488.52113244439465
2020-12-15,12,2020,COAL,2652.04207405914,2433.0162588461294
2020-12-15,12,2020,NATURAL GAS,5946.254804569892,5457.6199767636435
2020-12-15,12,2020,RENEWABLES,1315.4144306451612,1187.536556388178
2020-12-15,12,2020,NET IMPORTS,294.96495161290323,479.1413852800428
2021-01-15,1,2021,COAL,2273.865076344086,2458.4148902317406
2021-01-15,1,2021,NATURAL GAS,6055.926061021505,5566.543335876887
2021-01-15,1,2021,RENEWABLES,1286.4693099462365,1173.0959475060097
2021-01-15,1,2021,NET IMPORTS,634.3904916666667,452.3471912388241
2021-02-15,2,2021,COAL,2570.708733908487,2396.1137735986763
2021-02-15,2,2021,NATURAL GAS,6404.759456547619,5696.713873970525
2021-02-15,2,2021,RENEWABLES,1121.0651653273808,1174.770281399379
2021-02-15,2,2021,NET IMPORTS,576.1517709821429,410.16292959007865
2021-03-15,3,2021,COAL,1848.3480390309555,2305.071240867195
2021-03-15,3,2021,NATURAL GAS,6047.619798384926,5766.616124618674
2021-03-15,3,2021,RENEWABLES,1316.4360215343204,1202.3238991308604
2021-03-15,3,2021,NET IMPORTS,562.1016425302827,417.78191426600455
2021-04-15,4,2021,COAL,2222.0103166666668,2195.542817244883
2021-04-15,4,2021,NATURAL GAS,5213.7453525,5843.54679722172
2021-04-15,4,2021,RENEWABLES,1101.8815493055556,1225.811871341882
2021-04-15,4,2021,NET IMPORTS,539.8305006944445,433.2262306078505
2021-05-15,5,2021,COAL,2185.204227956989,2109.6402485361673
2021-05-15,5,2021,NATURAL GAS,5154.983293548387,5896.0216188015975
2021-05-15,5,2021,RENEWABLES,1020.0774525537635,1244.602250467983
2021-05-15,5,2021,NET IMPORTS,586.6622887096775,448.3412687742853
2021-06-15,6,2021,COAL,2744.1636106944443,2067.577153498085
2021-06-15,6,2021,NATURAL GAS,5256.769263194445,5971.228059124179
2021-06-15,6,2021,RENEWABLES,1157.6432106944444,1239.701206639578
2021-06-15,6,2021,NET IMPORTS,476.2767630555556,456.3176582792136
2021-07-15,7,2021,COAL,2567.739257272495,2001.4654695094716
2021-07-15,7,2021,NATURAL GAS,6011.471102504091,6051.121012270137
2021-07-15,7,2021,RENEWABLES,1052.2816758064516,1261.94402870499
2021-07-15,7,2021,NET IMPORTS,439.92321344086025,442.5568219328875
2021-08-15,8,2021,COAL,1681.7733755376344,1892.9656204784071
2021-08-15,8,2021,NATURAL GAS,6201.82754811828,6107.569826878272
2021-08-15,8,2021,RENEWABLES,1134.967421639785,1293.1779613066767
2021-08-15,8,2021,NET IMPORTS,257.19672943548386,440.16059710649853
2021-09-15,9,2021,COAL,1421.8245872222224,1832.000092747313
2021-09-15,9,2021,NATURAL GAS,6001.279402916667,6177.025973194809
2021-09-15,9,2021,RENEWABLES,1359.5025383333332,1304.0703707840207
2021-09-15,9,2021,NET IMPORTS,209.37736083333334,444.3072148835286
2021-10-15,10,2021,COAL,1482.799190860215,1736.653297446387
2021-10-15,10,2021,NATURAL GAS,6290.374222715054,6283.438084537401
2021-10-15,10,2021,RENEWABLES,1370.239330107527,1328.5878957261502
2021-10-15,10,2021,NET IMPORTS,285.2743733870968,447.33807666593606
2021-11-15,11,2021,COAL,1665.2044928806736,1658.9717445790036
2021-11-15,11,2021,NATURAL GAS,6167.249119598306,6350.696092545913
2021-11-15,11,2021,RENEWABLES,1699.2488997218359,1365.2310554931753
2021-11-15,11,2021,NET IMPORTS,517.9451389429763,437.4985189822443
2021-12-15,12,2021,COAL,2147.2849336021504,1531.3220488729849
2021-12-15,12,2021,NATURAL GAS,6848.73208844086,6405.151129467209
2021-12-15,12,2021,RENEWABLES,1256.601904704301,1388.8760881783608
2021-12-15,12,2021,NET IMPORTS,390.681625672043,450.2764093178924
2022-01-15,1,2022,COAL,1480.5248684807257,1420.005074835044
2022-01-15,1,2022,NATURAL GAS,7014.6414987729995,6448.028506498678
2022-01-15,1,2022,RENEWABLES,1553.3831747311826,1417.1336808306903
2022-01-15,1,2022,NET IMPORTS,469.2604555107527,470.7581350795412
2022-02-15,2,2022,COAL,1268.7105455357143,1378.5306506862987
2022-02-15,2,2022,NATURAL GAS,7082.145231845238,6498.752101290345
2022-02-15,2,2022,RENEWABLES,1495.872356547619,1434.504586072626
2022-02-15,2,2022,NET IMPORTS,547.3970730654762,488.8659705410107
2022-03-15,3,2022,COAL,1116.7617062578222,1359.063021068243
2022-03-15,3,2022,NATURAL GAS,6881.093554183372,6541.894032007938
2022-03-15,3,2022,RENEWABLES,1447.1449352624495,1433.3187571490146
2022-03-15,3,2022,NET IMPORTS,611.8610558546434,495.8000909345292
2022-04-15,4,2022,COAL,1077.8487730555555,1303.1337350131355
2022-04-15,4,2022,NATURAL GAS,6490.690688611111,6610.601021736881
2022-04-15,4,2022,RENEWABLES,1396.0918486111111,1437.1038731324377
2022-04-15,4,2022,NET IMPORTS,576.2008420833333,479.1307157329163
2022-05-15,5,2022,COAL,1253.0255935483872,1254.4291287798017
2022-05-15,5,2022,NATURAL GAS,5962.079389650537,6703.967192797244
2022-05-15,5,2022,RENEWABLES,1459.7953697580645,1434.238082207542
2022-05-15,5,2022,NET IMPORTS,468.5875965053764,457.2723496457582
2022-06-15,6,2022,COAL,1212.3672622222223,NA
2022-06-15,6,2022,NATURAL GAS,5910.22970625,NA
2022-06-15,6,2022,RENEWABLES,1441.3836029166666,NA
2022-06-15,6,2022,NET IMPORTS,629.6114470833334,NA
2022-07-15,7,2022,COAL,1231.9355688172043,NA
2022-07-15,7,2022,NATURAL GAS,6525.99962688172,NA
2022-07-15,7,2022,RENEWABLES,1391.3727876344085,NA
2022-07-15,7,2022,NET IMPORTS,685.7039225806452,NA
2022-08-15,8,2022,COAL,1184.0802857526883,NA
2022-08-15,8,2022,NATURAL GAS,6810.51068561828,NA
2022-08-15,8,2022,RENEWABLES,1343.4182845430107,NA
2022-08-15,8,2022,NET IMPORTS,474.49075497311827,NA
2022-09-15,9,2022,COAL,1188.2130318055556,NA
2022-09-15,9,2022,NATURAL GAS,6518.9825715277775,NA
2022-09-15,9,2022,RENEWABLES,1345.27259125,NA
2022-09-15,9,2022,NET IMPORTS,292.58680555555554,NA
2022-10-15,10,2022,COAL,811.6477581989247,NA
2022-10-15,10,2022,NATURAL GAS,7114.858099462365,NA
2022-10-15,10,2022,RENEWABLES,1415.6607219086022,NA
2022-10-15,10,2022,NET IMPORTS,85.24187096774195,NA
2022-11-15,11,2022,COAL,1080.7492180806676,NA
2022-11-15,11,2022,NATURAL GAS,7287.643172322671,NA
2022-11-15,11,2022,RENEWABLES,1664.8594086230876,NA
2022-11-15,11,2022,NET IMPORTS,255.64474589707928,NA
